user_id,first_name,last_name,phone_no,password,is_active,about,profile_pic,joined_at
1,Mikael,Chomicz,2585231032,K3F96n,1,Fortran,Crimson,2021-09-16 2:47
2,Caritta,Petrolli,6894294603,MTeWEcrh8,1,VxWorks,Orange,2022-02-13 16:08
3,Rand,Assur,2186354248,kSr8Rslc,1,Title Insurance,Violet,2021-05-11 9:19
4,Stevy,Hoyte,7662168885,PdN5cIKZ,1,Characterization,Crimson,2021-11-05 11:07
5,Virgie,Methringham,1113889443,fY3ZGsy0QQM,1,Team Management,Crimson,2021-06-03 4:15
6,Trixie,Flockhart,5068455730,6dl3R8eHR,1,BSD,Blue,2021-09-29 7:24
7,Royal,Abraham,6489101651,R4mt5t9WeHA,1,Custom Homes,Goldenrod,2021-11-25 7:17
8,Tedd,Deverille,4817075854,9d3Xe7lrXBQ,1,Corporate Events,Violet,2021-05-19 12:54
9,Stormy,Featherby,7157018277,3sTbZWZLN,1,OAuth,Green,2021-05-15 23:40
10,Olivette,Gozzett,3838365319,P2082r,1,Registered Nurses,Aquamarine,2021-12-10 21:10
11,Stefano,Siene,3023041640,3zf4IpdwmkRP,1,IT Law,Purple,2021-09-14 9:01
12,Reuben,Paylor,4273197782,h3b4w2m4,1,Medical Devices,Violet,2021-05-22 0:53
13,Marybelle,Colebrook,1953135778,ySTIPsg,1,Time Management,Teal,2021-07-11 17:50
14,Edna,Sowden,1981074668,Cv2EViwk,1,Usability Engineering,Purple,2021-06-26 13:04
15,Ransell,Yakunin,1741107639,sYK9Xsqy9N,1,CPLD,Blue,2022-03-08 6:53
16,Shari,Catton,9486625936,EzeYTj,1,Myriad,Mauv,2021-11-24 1:13
17,Rex,Rabbet,1613351729,WopQDKm9JIm,1,IVF,Indigo,2021-10-12 22:33
18,Evangelina,Arber,4103710412,TeiSXfnnUg,1,HMO,Mauv,2021-11-13 20:40
19,Rois,Antyshev,6056160109,66UGRaa50p,1,JDBC,Green,2021-05-12 0:16
20,Eberto,Amorine,4405402279,Whiimhp,1,Control Systems Design,Red,2021-06-16 6:52
21,Ruthy,O'Breen,6179321101,0miKxVlnIoOU,1,Bank Reconciliation,Yellow,2021-12-03 15:37
22,Mendie,Horney,6285081844,LasgiRYNe9fE,1,Art History,Crimson,2022-04-11 9:20
23,Chandra,Piniur,7716289477,nTBFao2sp,1,SNMP,Maroon,2021-12-25 12:47
24,Steffie,Jacmar,8874843842,VI47CR7Lbw0,1,Language Teaching,Green,2021-08-04 4:24
25,Karalynn,Polycote,9883315146,9W3BaIWa,1,Immigration Law,Goldenrod,2022-03-11 22:29
26,Heddi,Smoth,6726818016,NPWKbP0zQY,1,CA Unicenter NSM,Khaki,2021-09-03 23:49
27,Milicent,Amerighi,3747840625,lhF8YOx,1,Visual SVN,Orange,2021-08-07 9:27
28,Jemima,Jirzik,4453459439,58DhB8,1,HSSE,Red,2021-08-28 18:06
29,Mireielle,Ansty,1943576224,jUZImKWQkF,1,Customs Regulations,Yellow,2021-07-13 7:47
30,Jenny,Elger,5934530522,HYC0tRLZnU,1,Latin American Studies,Turquoise,2021-07-18 19:11
31,Hermon,Alti,2997491841,eOuzbkuEc6zE,1,GPU,Orange,2022-02-28 13:18
32,Boony,Annott,4338924713,sjHTC18oN,1,CTC,Crimson,2022-02-11 23:08
33,Gilburt,Lindborg,5316721897,HfA5bEp,1,Slovak,Khaki,2022-03-31 11:19
34,Candis,Caslake,7079238872,WS6IVcKc,1,Mixed-use,Blue,2021-10-15 5:41
35,Frannie,Christauffour,2983554089,zMI9MgJQu,1,EOB,Aquamarine,2021-11-28 17:44
36,Alison,Possell,8309910151,WGZ33XRt,1,Financial Services,Khaki,2022-01-30 16:42
37,Aguste,Gratten,3585272024,NZk5Cbf9K,1,nDo,Crimson,2021-07-16 20:35
38,Cesare,Batch,2924630028,vni1Q5j,1,SFX Editing,Puce,2022-04-08 11:20
39,Gwen,Jann,3941914552,bi1sevIn,1,SSH,Teal,2021-12-04 5:17
40,Jeffrey,Scandrick,6949769050,YxOY4HYGGV,1,Kinematics,Pink,2021-11-21 21:58
41,Susanna,Raithmill,6329297114,jPPuqJa,1,DVP&amp;R,Pink,2022-02-04 18:10
42,Luis,Strond,8998736211,PqcjIAMwhD,1,Vegetables,Violet,2021-05-06 22:05
43,Anders,Deppen,7698503972,d7wc4LvpbaX,1,Chi Kung,Goldenrod,2021-07-02 3:07
44,Shauna,MacGilfoyle,7678259998,dOPfY9a,1,Azerbaijani,Teal,2021-08-22 5:53
45,Kennan,Frantzen,3034707100,AXIqx2kjmen,1,PPTP,Maroon,2021-10-12 15:11
46,Jere,Strathearn,3295087531,y6qSkFOZObHq,1,Legislative Affairs,Violet,2022-04-17 16:04
47,Maud,Brands,9725086128,gAC57dlOKI,1,MVNE,Turquoise,2022-04-17 6:29
48,Marge,Avramov,6532720017,d70ROI,1,White Papers,Violet,2021-06-18 17:22
49,Camey,Fabler,1915363173,TCpQW9zhf3Pu,1,PMBOK,Teal,2022-01-11 0:47
50,Harlie,Geffcock,9125318654,PMs2fylFx,1,CFK,Indigo,2021-12-27 16:47
51,Miner,Rapin,9248005250,JmI4BQn95kg,1,21 CFR,Aquamarine,2021-09-05 16:45
52,Briney,Powton,1348752595,UIRY9o2e,1,iPhoto,Purple,2021-12-26 5:34
53,Nehemiah,Stallwood,9709539831,t3lI1lEdPbc,1,Brazilian Jiu-Jitsu,Red,2021-10-08 14:40
54,Delly,Workman,1934736439,0LpJIWDsQ,1,Company Set-up,Crimson,2022-01-02 18:17
55,Adina,Dadley,8356902138,0RQP7NRohrJ,1,Cuisine,Crimson,2021-12-31 15:29
56,Iorgos,Fley,2537233491,GHyfe12x8WcX,1,Award Submissions,Goldenrod,2021-08-21 12:12
57,Alina,Ciccotti,2768965420,zN8xXM,1,Brain Gym,Green,2022-03-21 5:13
58,Rhys,Lorentz,6076657697,xB01FdNr,1,WiMAX,Green,2021-12-27 19:03
59,Chelsie,Spottswood,5755212709,EEp2F7I,1,Small Business Online Marketing,Khaki,2021-11-03 13:55
60,Guinna,Bellas,9302790514,qkpV2vljCF,1,MVA,Green,2021-11-09 17:05
61,Yasmin,Brackenbury,5172819041,defxsxci9K,1,NCDA,Fuscia,2021-10-12 2:33
62,Nerte,Beecraft,8596240570,oZT9Vxme3OW2,1,Joint Ventures,Mauv,2021-08-03 15:47
63,Emlen,Nabarro,9691984340,kwzDHQAEYE,1,UIM,Yellow,2021-09-18 14:20
64,Gwendolyn,Boome,4892964029,HEV7POrSIC,1,Computer Games,Mauv,2021-11-12 9:47
65,Rhiamon,McCart,6862675847,YEirAtjBK0Y,1,DC Operations,Pink,2022-02-02 2:39
66,Jodi,Ludovici,8275004559,1CMrApll,1,CPL,Khaki,2021-09-21 12:35
67,Charlene,De Normanville,1943235903,d7YNfe,1,Oversight,Yellow,2021-06-12 22:46
68,Merralee,Straniero,6548323508,w7a9yUkff,1,AX 2009,Goldenrod,2021-10-08 10:37
69,Elmira,Choffin,1285218192,hVjl2xxdGnxL,1,PVCS,Violet,2022-03-23 15:04
70,Channa,Arrighetti,3688261950,eo9Fkxj,1,RMI,Fuscia,2021-11-07 18:13
71,Kayley,Bowskill,6551340187,bANsFQ8YV,1,RSoft,Fuscia,2022-01-05 11:09
72,Brendin,Spinello,1205362503,CrehzLA,1,Universal Life,Purple,2021-11-13 23:00
73,Scotti,Millett,5506931582,NEpH7lg,1,Equity Research,Khaki,2022-04-18 12:26
74,Anson,Rivalant,6259916036,s4zqRjqQlcz,1,GPCRs,Puce,2021-05-26 22:52
75,Roman,Fealty,6938621289,tIaxLvgSu7,1,DCP,Puce,2021-07-04 18:43
76,Neville,Held,4883853199,CNu6cF,1,RMDS,Red,2022-04-19 10:06
77,Corny,Welbeck,3293515627,GtZlgRPNFcB,1,New Homes,Red,2021-11-10 13:18
78,Brigit,Skerratt,9622230126,qIdcsbiM0,1,RS232,Red,2021-10-27 11:41
79,Lothaire,Scutter,5158902366,MQ40UF4pZB,1,Afghanistan,Purple,2021-10-04 11:33
80,Raeann,Richardes,2374793280,SqqUWS,1,OTL,Turquoise,2021-08-26 22:09
81,Karol,Bembrigg,3943546530,a0SR8A7,1,NHL,Goldenrod,2021-10-01 2:49
82,Selig,Chewter,8679861091,2YQ9hJ,1,Cash Management,Green,2022-01-01 0:25
83,Harlin,Serraillier,4073526587,2DuZN5xnoS44,1,NMS,Goldenrod,2022-01-23 10:41
84,Christel,Dimmack,4048175430,ILIYqZ,1,CTM,Yellow,2021-10-16 22:03
85,Juli,Wastling,3828913508,vHzhiTGBXI,1,EAI,Violet,2021-07-25 18:53
86,Holden,Le Cornu,5825670579,Omp4VcO5Epq,1,Photoshop,Violet,2021-10-11 9:09
87,Tamra,Kubek,9732333008,TQqque45,1,Airport Management,Khaki,2021-05-24 7:43
88,Westley,Nitto,9466704206,msiw8AV,1,Non-profit Administration,Maroon,2022-02-16 6:15
89,Andrej,Osgordby,3477135597,XYowjS,1,Nuclear,Teal,2021-10-12 4:48
90,Estelle,Castellani,2981539330,mccuybz3Oo,1,NRF,Purple,2022-04-02 13:33
91,Gregoire,Dimitriou,7024806649,F2bUW3Oyrb,1,Kyphoplasty,Crimson,2022-02-25 23:38
92,Laughton,Anniwell,1668654492,bFw6Fz21v,1,Kalman filtering,Turquoise,2021-12-16 12:28
93,Robbie,Hambly,4256619061,CL22aQegjAzP,1,CCIE R&amp;S,Puce,2021-07-24 9:17
94,Loralee,Billes,7973095041,0SQrjDsWdY6p,1,IT Operations,Goldenrod,2021-10-01 0:37
95,Homerus,Diter,2009469754,1HT7wA,1,EIS,Blue,2021-07-17 12:02
96,Sascha,Bienvenu,7844124735,VwWCdKxA,1,Genetics,Goldenrod,2021-05-01 1:49
97,Cookie,Brixey,9719683579,Ny12ZT8in,1,Epicor,Turquoise,2021-12-15 22:56
98,Loella,Tethacot,2281030553,CQWwynjJf39,1,Interviewing Skills,Pink,2022-03-18 10:25
99,Gordy,McArley,2084869145,iEkDBRNB,1,JPEG2000,Teal,2021-07-23 18:39
100,Kala,Traice,7453078820,uFsXBde78fL,1,CTRM,Purple,2021-06-18 19:42
